 ,Expert,MCTS
BA,0.048828125,
BT,0.147928994,
MP,0.042087542,
NL,0.147928994,
IR,0.063291139,
"BT,MP",0.048638132,
"BT,NL",0,
"BT,IR",0.066489362,
"MP,NL",0.256410256,
"MP,IR",0.109170306,
"NL,IR",0.05952381,
"BT,MP,NL",0,
"BT,MP,IR",0,
"BT,NL,IR",0,
"MP,NL,IR",0.155279503,
"BT,MP,NL,IR",0.069637883,
